<?xml version="1.0"?>
<data>
    <item>
        <servicepoint>500272651</servicepoint>
        <Latitude>46.7464331768</Latitude>
        <Longitude>-117.1692947378</Longitude>
	<TransformerID>409-1082083</TransformerID>
	<StartTime>2014-07-04 05:00:00.000</StartTime>
	<EndTime>2014-07-04 08:00:00.000</EndTime>
    </item>
    <item>
        <servicepoint>17308323</servicepoint>
        <Latitude>46.736209501</Latitude>
        <Longitude>-117.1748758191</Longitude>
	<TransformerID>409-1162419</TransformerID>
	<StartTime>2014-07-23 08:15:37.000</StartTime>
	<EndTime>2014-07-23 08:25:40.000</EndTime>
    </item>
    <item>
        <servicepoint>15549173</servicepoint>
        <Latitude>46.7401824812</Latitude>
        <Longitude>-117.1846455526</Longitude>
	<TransformerID>409-449333</TransformerID>
	<StartTime>2014-07-23 08:15:44.000</StartTime>
	<EndTime>2014-07-23 08:25:47.000</EndTime>
    </item>
</data>
